,,telegraaf
alcoholisten,afgaan,0.1299931501901407
alcoholisten,afghanen,0.46453606975811845
alcoholisten,allochtonen,0.46359701536605785
alcoholisten,allochtoon,0.4038117710258411
alcoholisten,antilliaan,0.27757350289239874
alcoholisten,antillianen,0.626743978315069
alcoholisten,arabier,0.463672119461565
alcoholisten,arabieren,0.4409635190267219
alcoholisten,belg,-0.14076567362198233
alcoholisten,belgen,0.18257344111036888
alcoholisten,christen,0.13112386185210298
alcoholisten,christenen,0.43901659224177775
alcoholisten,duitser,-0.10062637012928229
alcoholisten,duitsers,0.15414459838893574
alcoholisten,expat,0.5489770174185181
alcoholisten,expats,0.5962434810807543
alcoholisten,immigrant,0.37200608287660963
alcoholisten,immigranten,0.42864200337041336
alcoholisten,irakees,0.3795366104210855
alcoholisten,irakezen,0.37672760736677036
alcoholisten,marokkaan,0.23667670907805072
alcoholisten,marokkanen,0.5108388911667097
alcoholisten,migrant,0.34025383234705026
alcoholisten,migranten,0.44556228190836566
alcoholisten,moslim,0.24360153426308284
alcoholisten,moslims,0.3602666317153186
alcoholisten,nederlander,-0.04207947201451058
alcoholisten,nederlanders,0.28164890911427737
alcoholisten,somalier,0.37467353328217234
alcoholisten,somaliers,0.5512329307361583
alcoholisten,surinamer,0.323774101935579
alcoholisten,surinamers,0.5900613493743881
alcoholisten,syrier,0.41567190927761866
alcoholisten,syriers,0.6082692934605026
alcoholisten,turk,0.28878957867371297
alcoholisten,turken,0.296952521803693
alcoholisten,vluchteling,0.37991236952198837
alcoholisten,vluchtelingen,0.3829111423729519
alcoholisten,westers,0.22692442750891836
armoedig,afgaan,0.011080146590113662
armoedig,afghanen,0.040111512025112456
armoedig,allochtonen,-0.048692009441830386
armoedig,allochtoon,0.3525724246725761
armoedig,antilliaan,0.2802417502828167
armoedig,antillianen,0.12585832798290686
armoedig,arabier,0.5194235378947957
armoedig,arabieren,0.06464950551277905
armoedig,belg,0.1081082881318278
armoedig,belgen,0.015117722085784671
armoedig,christen,0.1613364618577161
armoedig,christenen,0.12931530722888673
armoedig,duitser,0.12677695398117944
armoedig,duitsers,0.02588863695168281
armoedig,expat,0.4041477218373102
armoedig,expats,-0.01067694716757988
armoedig,immigrant,0.2460040780284829
armoedig,immigranten,-0.13046361347923946
armoedig,irakees,0.3301178904684554
armoedig,irakezen,-0.08330515416436843
armoedig,marokkaan,0.18811800185226363
armoedig,marokkanen,0.038067176001743065
armoedig,migrant,0.22333949593562685
armoedig,migranten,-0.08506875218933786
armoedig,moslim,0.08320596999987862
armoedig,moslims,0.0020836207581066968
armoedig,nederlander,0.032318383269358444
armoedig,nederlanders,-0.0595061664614132
armoedig,somalier,0.3909593806332696
armoedig,somaliers,0.5027530549939003
armoedig,surinamer,0.3654290011356833
armoedig,surinamers,0.18968101534445653
armoedig,syrier,0.37524265369836063
armoedig,syriers,0.38219432664593483
armoedig,turk,0.2708927488002004
armoedig,turken,0.009471095416381012
armoedig,vluchteling,0.23153180635091752
armoedig,vluchtelingen,-0.09285683843818397
armoedig,westers,0.6142160217614654
barbaars,afgaan,-0.09680652609785671
barbaars,afghanen,0.3003209332917033
barbaars,allochtonen,0.17293434758144202
barbaars,allochtoon,0.4201010312015955
barbaars,antilliaan,0.3922372382351589
barbaars,antillianen,0.3148002152999114
barbaars,arabier,0.566837774892017
barbaars,arabieren,0.29602234218769363
barbaars,belg,-0.010221930341213138
barbaars,belgen,-0.009360879591141288
barbaars,christen,0.33085048744016726
barbaars,christenen,0.42041333491022614
barbaars,duitser,0.04929943531610399
barbaars,duitsers,0.027477254042271977
barbaars,expat,0.5093217614009151
barbaars,expats,0.17109103780142135
barbaars,immigrant,0.3943342565024367
barbaars,immigranten,0.1463736535924064
barbaars,irakees,0.531817192955337
barbaars,irakezen,0.18580592292197834
barbaars,marokkaan,0.22226208572163966
barbaars,marokkanen,0.15240283592222953
barbaars,migrant,0.44494276804054245
barbaars,migranten,0.16516290875936995
barbaars,moslim,0.37877147144864176
barbaars,moslims,0.3153725552725854
barbaars,nederlander,-0.0031254907515124095
barbaars,nederlanders,0.05806736736249185
barbaars,somalier,0.5457087108869914
barbaars,somaliers,0.5948529814480434
barbaars,surinamer,0.47215746830223765
barbaars,surinamers,0.3205627944547677
barbaars,syrier,0.5566845278424243
barbaars,syriers,0.6166764793600926
barbaars,turk,0.3145178495943205
barbaars,turken,0.14269111652331962
barbaars,vluchteling,0.40887890398307947
barbaars,vluchtelingen,0.12289448656668797
barbaars,westers,0.5886806182465201
dakloze,afgaan,-0.0707188724048835
dakloze,afghanen,0.15245814561265858
dakloze,allochtonen,0.04117919919826239
dakloze,allochtoon,0.3727286213970251
dakloze,antilliaan,0.6665425754554894
dakloze,antillianen,0.2993309113925291
dakloze,arabier,0.6064143816814094
dakloze,arabieren,0.15144598717511476
dakloze,belg,0.25541364977882264
dakloze,belgen,-0.044280670623442486
dakloze,christen,0.0691873765513675
dakloze,christenen,0.2338183402459866
dakloze,duitser,0.344237395231227
dakloze,duitsers,0.039797024733613906
dakloze,expat,0.4262608494357022
dakloze,expats,0.15289393197129536
dakloze,immigrant,0.6417249903764128
dakloze,immigranten,0.21736044160249918
dakloze,irakees,0.7532815402125219
dakloze,irakezen,0.28765595645568603
dakloze,marokkaan,0.6945700154209525
dakloze,marokkanen,0.27145778461623626
dakloze,migrant,0.47655550910715494
dakloze,migranten,0.07324754756770564
dakloze,moslim,0.39153550543548155
dakloze,moslims,0.1289590044830836
dakloze,nederlander,0.3341091923767653
dakloze,nederlanders,0.0925132966807905
dakloze,somalier,0.459195565238805
dakloze,somaliers,0.28814769216503117
dakloze,surinamer,0.7147690005771522
dakloze,surinamers,0.267265265453953
dakloze,syrier,0.4715507584499967
dakloze,syriers,0.36521659073980905
dakloze,turk,0.7066202463502556
dakloze,turken,0.08976253158964287
dakloze,vluchteling,0.49090954189199476
dakloze,vluchtelingen,0.14299507923690907
dakloze,westers,0.185736097079696
daklozen,afgaan,-0.004522586548887368
daklozen,afghanen,0.6669923175185435
daklozen,allochtonen,0.5849932860734337
daklozen,allochtoon,0.21701009940886057
daklozen,antilliaan,0.11239968132366845
daklozen,antillianen,0.5640041646999039
daklozen,arabier,0.2088043277285155
daklozen,arabieren,0.48115148286333476
daklozen,belg,-0.1913021036264685
daklozen,belgen,0.3376347229362414
daklozen,christen,-0.05007085830986718
daklozen,christenen,0.5626961919367159
daklozen,duitser,-0.15180575629090348
daklozen,duitsers,0.3296773490235998
daklozen,expat,0.2708988043598539
daklozen,expats,0.7087248167683804
daklozen,immigrant,0.26741937895264445
daklozen,immigranten,0.6474363929690612
daklozen,irakees,0.23670519359647588
daklozen,irakezen,0.6117942464256264
daklozen,marokkaan,0.23896142998182465
daklozen,marokkanen,0.6114846552810143
daklozen,migrant,0.2628410204705602
daklozen,migranten,0.644039842777602
daklozen,moslim,0.24016016816338326
daklozen,moslims,0.5553365379060028
daklozen,nederlander,0.03709816751690032
daklozen,nederlanders,0.5673065621410133
daklozen,somalier,0.08018595887673977
daklozen,somaliers,0.22861005947567248
daklozen,surinamer,0.1482827949921846
daklozen,surinamers,0.5431788899591812
daklozen,syrier,0.060296628116031314
daklozen,syriers,0.2840561992750696
daklozen,turk,0.15447946926070247
daklozen,turken,0.4798597268650386
daklozen,vluchteling,0.39082375358331584
daklozen,vluchtelingen,0.6991913215131516
daklozen,westers,0.014605797552345215
dienders,afgaan,0.20364073325090423
dienders,afghanen,0.7113452601812397
dienders,allochtonen,0.44537350466936515
dienders,allochtoon,0.03621826978769639
dienders,antilliaan,0.2859607693359768
dienders,antillianen,0.5097295523651424
dienders,arabier,0.2543465662455683
dienders,arabieren,0.523194782731616
dienders,belg,0.12538037979530858
dienders,belgen,0.5859748314882918
dienders,christen,0.08845272422728616
dienders,christenen,0.48476308679881047
dienders,duitser,0.17053658476018607
dienders,duitsers,0.5467882699727801
dienders,expat,0.116088747490134
dienders,expats,0.45758450714112997
dienders,immigrant,0.2242539089288747
dienders,immigranten,0.5740691103386613
dienders,irakees,0.3618766624533207
dienders,irakezen,0.7269511975884815
dienders,marokkaan,0.3640859198380538
dienders,marokkanen,0.5842075027905294
dienders,migrant,0.13445728548455022
dienders,migranten,0.5127303752764661
dienders,moslim,0.21739422977411788
dienders,moslims,0.5354755463978667
dienders,nederlander,0.18779279836271276
dienders,nederlanders,0.5936105618163079
dienders,somalier,0.18430655410640842
dienders,somaliers,0.2133154870187738
dienders,surinamer,0.2442111500621213
dienders,surinamers,0.48579910943644816
dienders,syrier,0.16595940653351843
dienders,syriers,0.28116618113299185
dienders,turk,0.26619343106079374
dienders,turken,0.6029662397581701
dienders,vluchteling,0.21627298039113985
dienders,vluchtelingen,0.5560222466196453
dienders,westers,-0.11298841986743087
drugsverslaafde,afgaan,0.05009177539460882
drugsverslaafde,afghanen,0.11712963395046239
drugsverslaafde,allochtonen,-0.03201500916383147
drugsverslaafde,allochtoon,0.3470774303918513
drugsverslaafde,antilliaan,0.718596852264446
drugsverslaafde,antillianen,0.22831217095142597
drugsverslaafde,arabier,0.7177375678506086
drugsverslaafde,arabieren,0.11777109627557827
drugsverslaafde,belg,0.31309573134945157
drugsverslaafde,belgen,-0.0846365500985329
drugsverslaafde,christen,0.10756131893503038
drugsverslaafde,christenen,0.16346644469722202
drugsverslaafde,duitser,0.40227085377493443
drugsverslaafde,duitsers,-0.01758202457526447
drugsverslaafde,expat,0.4923074783587077
drugsverslaafde,expats,0.08706524861597056
drugsverslaafde,immigrant,0.6221826630517959
drugsverslaafde,immigranten,0.11148251315589187
drugsverslaafde,irakees,0.7886084301352347
drugsverslaafde,irakezen,0.20925372002925302
drugsverslaafde,marokkaan,0.633257863897316
drugsverslaafde,marokkanen,0.19259820298314215
drugsverslaafde,migrant,0.5400670183695465
drugsverslaafde,migranten,-0.01212315957117087
drugsverslaafde,moslim,0.36756157308229964
drugsverslaafde,moslims,0.05577305740451551
drugsverslaafde,nederlander,0.2694619702021709
drugsverslaafde,nederlanders,0.0051483922362345995
drugsverslaafde,somalier,0.6339781998795145
drugsverslaafde,somaliers,0.43850104289063807
drugsverslaafde,surinamer,0.7767122888699518
drugsverslaafde,surinamers,0.2038971644975822
drugsverslaafde,syrier,0.6618360181037936
drugsverslaafde,syriers,0.5385407016336581
drugsverslaafde,turk,0.7388370371575916
drugsverslaafde,turken,-0.000719991788738536
drugsverslaafde,vluchteling,0.46336423555976464
drugsverslaafde,vluchtelingen,0.03259895227384289
drugsverslaafde,westers,0.19355193783796532
drugsverslaafden,afgaan,0.11521340169291698
drugsverslaafden,afghanen,0.6092613599544308
drugsverslaafden,allochtonen,0.5398839921432639
drugsverslaafden,allochtoon,0.37302021849173134
drugsverslaafden,antilliaan,0.26955002900555947
drugsverslaafden,antillianen,0.6778878060251339
drugsverslaafden,arabier,0.3615218715216361
drugsverslaafden,arabieren,0.48593722456271415
drugsverslaafden,belg,-0.1961519036762531
drugsverslaafden,belgen,0.16548043120039385
drugsverslaafden,christen,0.0881716138036244
drugsverslaafden,christenen,0.5622332502900997
drugsverslaafden,duitser,-0.1182394131497031
drugsverslaafden,duitsers,0.16773115206927813
drugsverslaafden,expat,0.4491489729043652
drugsverslaafden,expats,0.6441475869714665
drugsverslaafden,immigrant,0.3513025534902459
drugsverslaafden,immigranten,0.5528455617042487
drugsverslaafden,irakees,0.4280467641678195
drugsverslaafden,irakezen,0.5348944987904558
drugsverslaafden,marokkaan,0.2568272629649141
drugsverslaafden,marokkanen,0.5498669374561922
drugsverslaafden,migrant,0.3719118910256942
drugsverslaafden,migranten,0.5351023517666232
drugsverslaafden,moslim,0.31766468615126653
drugsverslaafden,moslims,0.4644107826955053
drugsverslaafden,nederlander,-0.07090609753873384
drugsverslaafden,nederlanders,0.3210506959648741
drugsverslaafden,somalier,0.30884049562722005
drugsverslaafden,somaliers,0.5091348511948639
drugsverslaafden,surinamer,0.31537869204366387
drugsverslaafden,surinamers,0.5962422407333243
drugsverslaafden,syrier,0.3564655295413938
drugsverslaafden,syriers,0.5718481826501507
drugsverslaafden,turk,0.2741136233264452
drugsverslaafden,turken,0.3713469354742455
drugsverslaafden,vluchteling,0.42629215610089743
drugsverslaafden,vluchtelingen,0.525452099830958
drugsverslaafden,westers,0.1705383740803723
hangjongeren,afgaan,0.028820361750085018
hangjongeren,afghanen,0.5972028249644273
hangjongeren,allochtonen,0.6218915009610017
hangjongeren,allochtoon,0.3381493097694021
hangjongeren,antilliaan,0.2787718056384799
hangjongeren,antillianen,0.7248353174893946
hangjongeren,arabier,0.3015300948139504
hangjongeren,arabieren,0.46900714886825423
hangjongeren,belg,-0.11334735984474065
hangjongeren,belgen,0.28523830389291815
hangjongeren,christen,0.1371731534151236
hangjongeren,christenen,0.5301270451000694
hangjongeren,duitser,-0.07308145740230397
hangjongeren,duitsers,0.3270503122441829
hangjongeren,expat,0.22964621116727124
hangjongeren,expats,0.5656026011912676
hangjongeren,immigrant,0.3130936567151948
hangjongeren,immigranten,0.592505958965264
hangjongeren,irakees,0.37532285929772136
hangjongeren,irakezen,0.4925491313314606
hangjongeren,marokkaan,0.33784983516617206
hangjongeren,marokkanen,0.6366849824146973
hangjongeren,migrant,0.2364996844774902
hangjongeren,migranten,0.5782633037605889
hangjongeren,moslim,0.2891439160785517
hangjongeren,moslims,0.5403381955614683
hangjongeren,nederlander,0.02858229687143528
hangjongeren,nederlanders,0.40703118322790555
hangjongeren,somalier,0.1689256906923323
hangjongeren,somaliers,0.3250605394378837
hangjongeren,surinamer,0.23726946792406967
hangjongeren,surinamers,0.5807261992199728
hangjongeren,syrier,0.1923825346692244
hangjongeren,syriers,0.36905300166741184
hangjongeren,turk,0.27299033778560533
hangjongeren,turken,0.49351552197141346
hangjongeren,vluchteling,0.34819433117525667
hangjongeren,vluchtelingen,0.5510020889021714
hangjongeren,westers,0.10827205451164398
junk,afgaan,0.027140016634215378
junk,afghanen,0.16703807091412762
junk,allochtonen,0.09056341329373507
junk,allochtoon,0.436873533039871
junk,antilliaan,0.6556156729616025
junk,antillianen,0.22787790982851663
junk,arabier,0.7001674539461163
junk,arabieren,0.1726553933405789
junk,belg,0.3268440773992677
junk,belgen,-0.01918358522791402
junk,christen,0.17328457535285108
junk,christenen,0.17899476848736878
junk,duitser,0.3979667323291191
junk,duitsers,0.06777829525169315
junk,expat,0.4279274445031416
junk,expats,0.17113579594473446
junk,immigrant,0.6724297296787234
junk,immigranten,0.21729395542643945
junk,irakees,0.7117361867216097
junk,irakezen,0.2291207054746124
junk,marokkaan,0.6415213780581177
junk,marokkanen,0.15690979091564655
junk,migrant,0.4821766234204966
junk,migranten,0.13869349595624594
junk,moslim,0.426243071154063
junk,moslims,0.14643712693441208
junk,nederlander,0.379424318678818
junk,nederlanders,0.12024973725436207
junk,somalier,0.5470225552028873
junk,somaliers,0.3346053021926081
junk,surinamer,0.6953037140447732
junk,surinamers,0.17883149468861093
junk,syrier,0.5570574108556915
junk,syriers,0.3830992324787843
junk,turk,0.7105434617482084
junk,turken,0.09457510248252085
junk,vluchteling,0.5035283362214428
junk,vluchtelingen,0.12841261477742108
junk,westers,0.2837060174128897
junks,afgaan,0.0808473798527509
junks,afghanen,0.61549670611457
junks,allochtonen,0.5521240113297476
junks,allochtoon,0.31322756098347193
junks,antilliaan,0.1941954659690318
junks,antillianen,0.6601160581164345
junks,arabier,0.23763848289773137
junks,arabieren,0.4913707801373336
junks,belg,-0.18093411310238766
junks,belgen,0.30175614722385563
junks,christen,0.06635198528480288
junks,christenen,0.5320756215408586
junks,duitser,-0.1271833617961051
junks,duitsers,0.30419888854019006
junks,expat,0.232093953473055
junks,expats,0.6159555126645051
junks,immigrant,0.29229181214369626
junks,immigranten,0.6154178710489075
junks,irakees,0.3669752177026476
junks,irakezen,0.599270925276484
junks,marokkaan,0.30160512386834804
junks,marokkanen,0.626207171659148
junks,migrant,0.20114058992532227
junks,migranten,0.5672409010319981
junks,moslim,0.268776381626258
junks,moslims,0.478559562824619
junks,nederlander,0.004672615490215297
junks,nederlanders,0.44378408229920874
junks,somalier,0.1574187099247797
junks,somaliers,0.34278239483581896
junks,surinamer,0.23063220711849772
junks,surinamers,0.5995034645052422
junks,syrier,0.20480227597598036
junks,syriers,0.33134897979133693
junks,turk,0.2305190972043891
junks,turken,0.4493195893492241
junks,vluchteling,0.30538489019167453
junks,vluchtelingen,0.5952449342243336
junks,westers,-0.04111946219416278
onderontwikkeld,afgaan,0.022909497333415484
onderontwikkeld,afghanen,0.26456429993307073
onderontwikkeld,allochtonen,0.1475004050191581
onderontwikkeld,allochtoon,0.3404300689426799
onderontwikkeld,antilliaan,0.3430338306880449
onderontwikkeld,antillianen,0.28811913687081003
onderontwikkeld,arabier,0.49351342103386264
onderontwikkeld,arabieren,0.2579422537659224
onderontwikkeld,belg,0.13211882812528114
onderontwikkeld,belgen,0.06742863204279087
onderontwikkeld,christen,0.27348530450924463
onderontwikkeld,christenen,0.24621947985327697
onderontwikkeld,duitser,0.17686098095724234
onderontwikkeld,duitsers,0.08437569673500701
onderontwikkeld,expat,0.5556803275390926
onderontwikkeld,expats,0.2164730356521296
onderontwikkeld,immigrant,0.3476740730072761
onderontwikkeld,immigranten,0.15204121329523984
onderontwikkeld,irakees,0.38992195926994955
onderontwikkeld,irakezen,0.12249044203929535
onderontwikkeld,marokkaan,0.1912119892821602
onderontwikkeld,marokkanen,0.10940821588018679
onderontwikkeld,migrant,0.41093681788508774
onderontwikkeld,migranten,0.19239930621923126
onderontwikkeld,moslim,0.19109680375126978
onderontwikkeld,moslims,0.12361661720063143
onderontwikkeld,nederlander,0.10576585638291534
onderontwikkeld,nederlanders,0.03377559584000512
onderontwikkeld,somalier,0.5683426053031151
onderontwikkeld,somaliers,0.7228922169132599
onderontwikkeld,surinamer,0.37006729200681465
onderontwikkeld,surinamers,0.28948022307670634
onderontwikkeld,syrier,0.5944503230450237
onderontwikkeld,syriers,0.6065914213169669
onderontwikkeld,turk,0.24779899375868403
onderontwikkeld,turken,0.14541415128409332
onderontwikkeld,vluchteling,0.32331256457158575
onderontwikkeld,vluchtelingen,0.11748921168705953
onderontwikkeld,westers,0.5827141646269782
overlastgevende,afgaan,0.0719422545636293
overlastgevende,afghanen,0.4871584267463077
overlastgevende,allochtonen,0.566858099407293
overlastgevende,allochtoon,0.39815255286758156
overlastgevende,antilliaan,0.174061893803984
overlastgevende,antillianen,0.7422679477422325
overlastgevende,arabier,0.20554015385249078
overlastgevende,arabieren,0.46140691824821484
overlastgevende,belg,-0.2671843567748484
overlastgevende,belgen,0.12079686556709857
overlastgevende,christen,0.11549309894700696
overlastgevende,christenen,0.487867097159588
overlastgevende,duitser,-0.22165094994144827
overlastgevende,duitsers,0.14611811986988268
overlastgevende,expat,0.2772408902968366
overlastgevende,expats,0.5652205458699915
overlastgevende,immigrant,0.20958292974075818
overlastgevende,immigranten,0.46770992646132425
overlastgevende,irakees,0.30375348107728983
overlastgevende,irakezen,0.4152648680890476
overlastgevende,marokkaan,0.15948653793077905
overlastgevende,marokkanen,0.5936959131683401
overlastgevende,migrant,0.2064056973097693
overlastgevende,migranten,0.45683804809038514
overlastgevende,moslim,0.263402996630522
overlastgevende,moslims,0.40618982922503644
overlastgevende,nederlander,-0.15689742479269267
overlastgevende,nederlanders,0.18010534434771996
overlastgevende,somalier,0.2194799921708001
overlastgevende,somaliers,0.43305652682591267
overlastgevende,surinamer,0.16056114407758132
overlastgevende,surinamers,0.6159469888778152
overlastgevende,syrier,0.27298998374801053
overlastgevende,syriers,0.41980302060329433
overlastgevende,turk,0.18362581407720627
overlastgevende,turken,0.3461829078002683
overlastgevende,vluchteling,0.28445276072404957
overlastgevende,vluchtelingen,0.39879857336654145
overlastgevende,westers,0.06079131323509503
probleemjongeren,afgaan,-0.03472046464752923
probleemjongeren,afghanen,0.625409463607294
probleemjongeren,allochtonen,0.6641232489873494
probleemjongeren,allochtoon,0.29968922737437553
probleemjongeren,antilliaan,0.3239221893618721
probleemjongeren,antillianen,0.7475393858411647
probleemjongeren,arabier,0.31788055884381183
probleemjongeren,arabieren,0.43583920646344376
probleemjongeren,belg,-0.002222101720801596
probleemjongeren,belgen,0.25594185720954593
probleemjongeren,christen,0.2222022892413233
probleemjongeren,christenen,0.4777318711302057
probleemjongeren,duitser,-0.003629141208084826
probleemjongeren,duitsers,0.2361485379972087
probleemjongeren,expat,0.33844530108117465
probleemjongeren,expats,0.6384311872738991
probleemjongeren,immigrant,0.38971515255546846
probleemjongeren,immigranten,0.6272434662782607
probleemjongeren,irakees,0.38081104031467716
probleemjongeren,irakezen,0.5150588179457563
probleemjongeren,marokkaan,0.32461121057398884
probleemjongeren,marokkanen,0.6202477813834745
probleemjongeren,migrant,0.3807297038961036
probleemjongeren,migranten,0.6028778513769593
probleemjongeren,moslim,0.3639825111476791
probleemjongeren,moslims,0.5512316378202651
probleemjongeren,nederlander,0.06910332783956183
probleemjongeren,nederlanders,0.43584516914728066
probleemjongeren,somalier,0.2908813187687028
probleemjongeren,somaliers,0.3209649726814675
probleemjongeren,surinamer,0.2892658013656918
probleemjongeren,surinamers,0.5769590122453117
probleemjongeren,syrier,0.28686058623197785
probleemjongeren,syriers,0.4260430682559989
probleemjongeren,turk,0.2961304449572157
probleemjongeren,turken,0.47555125138554794
probleemjongeren,vluchteling,0.43576715482139083
probleemjongeren,vluchtelingen,0.5704852995727316
probleemjongeren,westers,0.09490546430298497
stoffig,afgaan,0.07175457959830255
stoffig,afghanen,-0.02351104206567494
stoffig,allochtonen,-0.050900269514335204
stoffig,allochtoon,0.2669338916183437
stoffig,antilliaan,0.16958083509556884
stoffig,antillianen,0.03284428445490696
stoffig,arabier,0.3878661282648077
stoffig,arabieren,-0.0472654561550526
stoffig,belg,-0.02415028462099754
stoffig,belgen,-0.0826804597845835
stoffig,christen,0.0474667361771128
stoffig,christenen,0.016055693554826854
stoffig,duitser,0.019568589137842964
stoffig,duitsers,-0.03763985906199467
stoffig,expat,0.32305759386374033
stoffig,expats,-0.007358608380598555
stoffig,immigrant,0.238657610187468
stoffig,immigranten,-0.1139937531725382
stoffig,irakees,0.2772174666371851
stoffig,irakezen,-0.13998790176931916
stoffig,marokkaan,0.11139969782724071
stoffig,marokkanen,-0.051919941753805085
stoffig,migrant,0.16039399558617762
stoffig,migranten,-0.07809776456473322
stoffig,moslim,-0.03258566652321904
stoffig,moslims,-0.06036504782816449
stoffig,nederlander,0.01804296019962811
stoffig,nederlanders,-0.01503982689015453
stoffig,somalier,0.20511539532781825
stoffig,somaliers,0.36387832877269916
stoffig,surinamer,0.29948215570527503
stoffig,surinamers,0.044146393140629646
stoffig,syrier,0.2553658669242964
stoffig,syriers,0.2776672733586396
stoffig,turk,0.1186265968987478
stoffig,turken,-0.08676302563016769
stoffig,vluchteling,0.08190262521052011
stoffig,vluchtelingen,-0.09853482504785369
stoffig,westers,0.6005112624874724
straatarm,afgaan,-0.09345138708761944
straatarm,afghanen,0.21115655761414567
straatarm,allochtonen,0.07678671008160531
straatarm,allochtoon,0.37492240752793204
straatarm,antilliaan,0.3570872467737308
straatarm,antillianen,0.2794920310000263
straatarm,arabier,0.5196328684794131
straatarm,arabieren,0.3157831079900403
straatarm,belg,0.07010025327974523
straatarm,belgen,0.05284976244764177
straatarm,christen,0.24983592057174087
straatarm,christenen,0.39032815803716375
straatarm,duitser,0.15121268647614403
straatarm,duitsers,0.1291607970599595
straatarm,expat,0.5255265517104293
straatarm,expats,0.18916607746538003
straatarm,immigrant,0.4536112837369769
straatarm,immigranten,0.22358311433700756
straatarm,irakees,0.45960752047712355
straatarm,irakezen,0.19662488317258048
straatarm,marokkaan,0.3025204459052654
straatarm,marokkanen,0.15318946857634558
straatarm,migrant,0.44764958928592874
straatarm,migranten,0.19790716647828976
straatarm,moslim,0.34753742922210745
straatarm,moslims,0.1674845338252216
straatarm,nederlander,0.12423624405230924
straatarm,nederlanders,0.0492678419109949
straatarm,somalier,0.49683020682589396
straatarm,somaliers,0.5602083287440569
straatarm,surinamer,0.40410895805332947
straatarm,surinamers,0.29245252812747013
straatarm,syrier,0.5280599443045575
straatarm,syriers,0.48038494963422956
straatarm,turk,0.364462794538678
straatarm,turken,0.17828919288847794
straatarm,vluchteling,0.47563926425018854
straatarm,vluchtelingen,0.18575354470738026
straatarm,westers,0.6116291610524078
verslaafden,afgaan,0.04338354595372324
verslaafden,afghanen,0.692384464605093
verslaafden,allochtonen,0.6640289240561034
verslaafden,allochtoon,0.33167573063319855
verslaafden,antilliaan,0.16898381633672976
verslaafden,antillianen,0.6758956680052717
verslaafden,arabier,0.24577978860494232
verslaafden,arabieren,0.5405012508650069
verslaafden,belg,-0.1210447118497284
verslaafden,belgen,0.28846577228718845
verslaafden,christen,0.04127605667041077
verslaafden,christenen,0.5543354171322794
verslaafden,duitser,-0.10369105264698264
verslaafden,duitsers,0.29628352267907926
verslaafden,expat,0.3005518983075464
verslaafden,expats,0.7189385471413331
verslaafden,immigrant,0.3255646455736845
verslaafden,immigranten,0.6896747454093474
verslaafden,irakees,0.331905412732684
verslaafden,irakezen,0.6308268429013251
verslaafden,marokkaan,0.2934885120311265
verslaafden,marokkanen,0.6617797488480213
verslaafden,migrant,0.3123420309478119
verslaafden,migranten,0.6763362934072104
verslaafden,moslim,0.304156578808942
verslaafden,moslims,0.5443575979086483
verslaafden,nederlander,0.06960226331504946
verslaafden,nederlanders,0.5440889472646822
verslaafden,somalier,0.1683315608549659
verslaafden,somaliers,0.31112004159843304
verslaafden,surinamer,0.22065109455556955
verslaafden,surinamers,0.631009969778683
verslaafden,syrier,0.16227254500451033
verslaafden,syriers,0.3420097675683351
verslaafden,turk,0.24915056002791228
verslaafden,turken,0.5001515881646503
verslaafden,vluchteling,0.3993972282647619
verslaafden,vluchtelingen,0.6807283087215656
verslaafden,westers,0.03961170434638289
zwerver,afgaan,0.060305590202549164
zwerver,afghanen,-0.016100042835283858
zwerver,allochtonen,-0.13607238218670298
zwerver,allochtoon,0.21969740068498378
zwerver,antilliaan,0.7274585736335796
zwerver,antillianen,0.055864989893717264
zwerver,arabier,0.639881839504147
zwerver,arabieren,-0.023537650933790528
zwerver,belg,0.5918607733796382
zwerver,belgen,-0.021594976107254343
zwerver,christen,0.07437124183111586
zwerver,christenen,0.03034036787684724
zwerver,duitser,0.5962647081997051
zwerver,duitsers,0.03929086538958139
zwerver,expat,0.30477778704470326
zwerver,expats,-0.09661417490343356
zwerver,immigrant,0.5826649432373419
zwerver,immigranten,0.01702045831613616
zwerver,irakees,0.659120615916602
zwerver,irakezen,0.07614651827091205
zwerver,marokkaan,0.7470493973073186
zwerver,marokkanen,0.07855864686309842
zwerver,migrant,0.3925041300912203
zwerver,migranten,-0.10506754726326414
zwerver,moslim,0.3178593835048619
zwerver,moslims,0.003941657584129905
zwerver,nederlander,0.6023347666270151
zwerver,nederlanders,0.048376178960885904
zwerver,somalier,0.49463637993501564
zwerver,somaliers,0.17139982968631973
zwerver,surinamer,0.7328599996082956
zwerver,surinamers,0.021930895498271492
zwerver,syrier,0.45807855057159397
zwerver,syriers,0.2507026458673194
zwerver,turk,0.7103341644759555
zwerver,turken,0.0021879681980530655
zwerver,vluchteling,0.4085718502004416
zwerver,vluchtelingen,-0.006825462600905996
zwerver,westers,0.16716086076131362
zwervers,afgaan,0.08438615946227215
zwervers,afghanen,0.6194782380691695
zwervers,allochtonen,0.5523234668850452
zwervers,allochtoon,0.28403792111785797
zwervers,antilliaan,0.17465259123845445
zwervers,antillianen,0.6430950004450416
zwervers,arabier,0.24769701136721986
zwervers,arabieren,0.5129292593539938
zwervers,belg,-0.15364732689687877
zwervers,belgen,0.3461451481312374
zwervers,christen,0.02041006960721963
zwervers,christenen,0.55544245864779
zwervers,duitser,-0.11316873839331143
zwervers,duitsers,0.31831081958370866
zwervers,expat,0.2473741379440689
zwervers,expats,0.6919804444065177
zwervers,immigrant,0.2879487783243733
zwervers,immigranten,0.6017250404498915
zwervers,irakees,0.30584492818845377
zwervers,irakezen,0.5592606759742668
zwervers,marokkaan,0.2958598155811414
zwervers,marokkanen,0.6067672000884253
zwervers,migrant,0.1950104940445614
zwervers,migranten,0.5903171948523263
zwervers,moslim,0.22322248569276087
zwervers,moslims,0.5021765442003392
zwervers,nederlander,0.021563501847678253
zwervers,nederlanders,0.47683914939258254
zwervers,somalier,0.13593880645246093
zwervers,somaliers,0.30161821539140254
zwervers,surinamer,0.20125125056572382
zwervers,surinamers,0.5996866061690513
zwervers,syrier,0.149258081222278
zwervers,syriers,0.31910250137313945
zwervers,turk,0.2049052085237368
zwervers,turken,0.4720252122073302
zwervers,vluchteling,0.34885977365298637
zwervers,vluchtelingen,0.6031406509538592
zwervers,westers,0.07343569898755122
