weldoener,surinamers
weldoener,westers
weldoener,surinamer
weldoener,syriers
weldoener,somalier
weldoener,irakees
weldoener,afghanen
weldoener,irakezen
weldoener,immigranten
weldoener,nederlander
weldoener,arabier
weldoener,burgers
weldoener,allochtonen
weldoener,turken
weldoener,antilliaan
weldoener,allochtoon
weldoener,antillianen
weldoener,turk
weldoener,burger
weldoener,immigrant
weldoener,arabieren
weldoener,somaliers
weldoener,moslims
weldoener,expats
weldoener,nederlanders
weldoener,migranten
weldoener,marokkaan
weldoener,marokkanen
weldoener,moslim
weldoener,afgaan
weldoener,expat
weldoener,migrant
weldoener,syrier
computerexpert,surinamers
computerexpert,westers
computerexpert,surinamer
computerexpert,syriers
computerexpert,somalier
computerexpert,irakees
computerexpert,afghanen
computerexpert,irakezen
computerexpert,immigranten
computerexpert,nederlander
computerexpert,arabier
computerexpert,burgers
computerexpert,allochtonen
computerexpert,turken
computerexpert,antilliaan
computerexpert,allochtoon
computerexpert,antillianen
computerexpert,turk
computerexpert,burger
computerexpert,immigrant
computerexpert,arabieren
computerexpert,somaliers
computerexpert,moslims
computerexpert,expats
computerexpert,nederlanders
computerexpert,migranten
computerexpert,marokkaan
computerexpert,marokkanen
computerexpert,moslim
computerexpert,afgaan
computerexpert,expat
computerexpert,migrant
computerexpert,syrier
progressief,surinamers
progressief,westers
progressief,surinamer
progressief,syriers
progressief,somalier
progressief,irakees
progressief,afghanen
progressief,irakezen
progressief,immigranten
progressief,nederlander
progressief,arabier
progressief,burgers
progressief,allochtonen
progressief,turken
progressief,antilliaan
progressief,allochtoon
progressief,antillianen
progressief,turk
progressief,burger
progressief,immigrant
progressief,arabieren
progressief,somaliers
progressief,moslims
progressief,expats
progressief,nederlanders
progressief,migranten
progressief,marokkaan
progressief,marokkanen
progressief,moslim
progressief,afgaan
progressief,expat
progressief,migrant
progressief,syrier
veelzijdig,surinamers
veelzijdig,westers
veelzijdig,surinamer
veelzijdig,syriers
veelzijdig,somalier
veelzijdig,irakees
veelzijdig,afghanen
veelzijdig,irakezen
veelzijdig,immigranten
veelzijdig,nederlander
veelzijdig,arabier
veelzijdig,burgers
veelzijdig,allochtonen
veelzijdig,turken
veelzijdig,antilliaan
veelzijdig,allochtoon
veelzijdig,antillianen
veelzijdig,turk
veelzijdig,burger
veelzijdig,immigrant
veelzijdig,arabieren
veelzijdig,somaliers
veelzijdig,moslims
veelzijdig,expats
veelzijdig,nederlanders
veelzijdig,migranten
veelzijdig,marokkaan
veelzijdig,marokkanen
veelzijdig,moslim
veelzijdig,afgaan
veelzijdig,expat
veelzijdig,migrant
veelzijdig,syrier
beproefd,surinamers
beproefd,westers
beproefd,surinamer
beproefd,syriers
beproefd,somalier
beproefd,irakees
beproefd,afghanen
beproefd,irakezen
beproefd,immigranten
beproefd,nederlander
beproefd,arabier
beproefd,burgers
beproefd,allochtonen
beproefd,turken
beproefd,antilliaan
beproefd,allochtoon
beproefd,antillianen
beproefd,turk
beproefd,burger
beproefd,immigrant
beproefd,arabieren
beproefd,somaliers
beproefd,moslims
beproefd,expats
beproefd,nederlanders
beproefd,migranten
beproefd,marokkaan
beproefd,marokkanen
beproefd,moslim
beproefd,afgaan
beproefd,expat
beproefd,migrant
beproefd,syrier
tolerante,surinamers
tolerante,westers
tolerante,surinamer
tolerante,syriers
tolerante,somalier
tolerante,irakees
tolerante,afghanen
tolerante,irakezen
tolerante,immigranten
tolerante,nederlander
tolerante,arabier
tolerante,burgers
tolerante,allochtonen
tolerante,turken
tolerante,antilliaan
tolerante,allochtoon
tolerante,antillianen
tolerante,turk
tolerante,burger
tolerante,immigrant
tolerante,arabieren
tolerante,somaliers
tolerante,moslims
tolerante,expats
tolerante,nederlanders
tolerante,migranten
tolerante,marokkaan
tolerante,marokkanen
tolerante,moslim
tolerante,afgaan
tolerante,expat
tolerante,migrant
tolerante,syrier
succescoach,surinamers
succescoach,westers
succescoach,surinamer
succescoach,syriers
succescoach,somalier
succescoach,irakees
succescoach,afghanen
succescoach,irakezen
succescoach,immigranten
succescoach,nederlander
succescoach,arabier
succescoach,burgers
succescoach,allochtonen
succescoach,turken
succescoach,antilliaan
succescoach,allochtoon
succescoach,antillianen
succescoach,turk
succescoach,burger
succescoach,immigrant
succescoach,arabieren
succescoach,somaliers
succescoach,moslims
succescoach,expats
succescoach,nederlanders
succescoach,migranten
succescoach,marokkaan
succescoach,marokkanen
succescoach,moslim
succescoach,afgaan
succescoach,expat
succescoach,migrant
succescoach,syrier
alleskunner,surinamers
alleskunner,westers
alleskunner,surinamer
alleskunner,syriers
alleskunner,somalier
alleskunner,irakees
alleskunner,afghanen
alleskunner,irakezen
alleskunner,immigranten
alleskunner,nederlander
alleskunner,arabier
alleskunner,burgers
alleskunner,allochtonen
alleskunner,turken
alleskunner,antilliaan
alleskunner,allochtoon
alleskunner,antillianen
alleskunner,turk
alleskunner,burger
alleskunner,immigrant
alleskunner,arabieren
alleskunner,somaliers
alleskunner,moslims
alleskunner,expats
alleskunner,nederlanders
alleskunner,migranten
alleskunner,marokkaan
alleskunner,marokkanen
alleskunner,moslim
alleskunner,afgaan
alleskunner,expat
alleskunner,migrant
alleskunner,syrier
academici,surinamers
academici,westers
academici,surinamer
academici,syriers
academici,somalier
academici,irakees
academici,afghanen
academici,irakezen
academici,immigranten
academici,nederlander
academici,arabier
academici,burgers
academici,allochtonen
academici,turken
academici,antilliaan
academici,allochtoon
academici,antillianen
academici,turk
academici,burger
academici,immigrant
academici,arabieren
academici,somaliers
academici,moslims
academici,expats
academici,nederlanders
academici,migranten
academici,marokkaan
academici,marokkanen
academici,moslim
academici,afgaan
academici,expat
academici,migrant
academici,syrier
mensenrechtenactivisten,surinamers
mensenrechtenactivisten,westers
mensenrechtenactivisten,surinamer
mensenrechtenactivisten,syriers
mensenrechtenactivisten,somalier
mensenrechtenactivisten,irakees
mensenrechtenactivisten,afghanen
mensenrechtenactivisten,irakezen
mensenrechtenactivisten,immigranten
mensenrechtenactivisten,nederlander
mensenrechtenactivisten,arabier
mensenrechtenactivisten,burgers
mensenrechtenactivisten,allochtonen
mensenrechtenactivisten,turken
mensenrechtenactivisten,antilliaan
mensenrechtenactivisten,allochtoon
mensenrechtenactivisten,antillianen
mensenrechtenactivisten,turk
mensenrechtenactivisten,burger
mensenrechtenactivisten,immigrant
mensenrechtenactivisten,arabieren
mensenrechtenactivisten,somaliers
mensenrechtenactivisten,moslims
mensenrechtenactivisten,expats
mensenrechtenactivisten,nederlanders
mensenrechtenactivisten,migranten
mensenrechtenactivisten,marokkaan
mensenrechtenactivisten,marokkanen
mensenrechtenactivisten,moslim
mensenrechtenactivisten,afgaan
mensenrechtenactivisten,expat
mensenrechtenactivisten,migrant
mensenrechtenactivisten,syrier
humaan,surinamers
humaan,westers
humaan,surinamer
humaan,syriers
humaan,somalier
humaan,irakees
humaan,afghanen
humaan,irakezen
humaan,immigranten
humaan,nederlander
humaan,arabier
humaan,burgers
humaan,allochtonen
humaan,turken
humaan,antilliaan
humaan,allochtoon
humaan,antillianen
humaan,turk
humaan,burger
humaan,immigrant
humaan,arabieren
humaan,somaliers
humaan,moslims
humaan,expats
humaan,nederlanders
humaan,migranten
humaan,marokkaan
humaan,marokkanen
humaan,moslim
humaan,afgaan
humaan,expat
humaan,migrant
humaan,syrier
winnaar,surinamers
winnaar,westers
winnaar,surinamer
winnaar,syriers
winnaar,somalier
winnaar,irakees
winnaar,afghanen
winnaar,irakezen
winnaar,immigranten
winnaar,nederlander
winnaar,arabier
winnaar,burgers
winnaar,allochtonen
winnaar,turken
winnaar,antilliaan
winnaar,allochtoon
winnaar,antillianen
winnaar,turk
winnaar,burger
winnaar,immigrant
winnaar,arabieren
winnaar,somaliers
winnaar,moslims
winnaar,expats
winnaar,nederlanders
winnaar,migranten
winnaar,marokkaan
winnaar,marokkanen
winnaar,moslim
winnaar,afgaan
winnaar,expat
winnaar,migrant
winnaar,syrier
vooruitstrevend,surinamers
vooruitstrevend,westers
vooruitstrevend,surinamer
vooruitstrevend,syriers
vooruitstrevend,somalier
vooruitstrevend,irakees
vooruitstrevend,afghanen
vooruitstrevend,irakezen
vooruitstrevend,immigranten
vooruitstrevend,nederlander
vooruitstrevend,arabier
vooruitstrevend,burgers
vooruitstrevend,allochtonen
vooruitstrevend,turken
vooruitstrevend,antilliaan
vooruitstrevend,allochtoon
vooruitstrevend,antillianen
vooruitstrevend,turk
vooruitstrevend,burger
vooruitstrevend,immigrant
vooruitstrevend,arabieren
vooruitstrevend,somaliers
vooruitstrevend,moslims
vooruitstrevend,expats
vooruitstrevend,nederlanders
vooruitstrevend,migranten
vooruitstrevend,marokkaan
vooruitstrevend,marokkanen
vooruitstrevend,moslim
vooruitstrevend,afgaan
vooruitstrevend,expat
vooruitstrevend,migrant
vooruitstrevend,syrier
zinnig,surinamers
zinnig,westers
zinnig,surinamer
zinnig,syriers
zinnig,somalier
zinnig,irakees
zinnig,afghanen
zinnig,irakezen
zinnig,immigranten
zinnig,nederlander
zinnig,arabier
zinnig,burgers
zinnig,allochtonen
zinnig,turken
zinnig,antilliaan
zinnig,allochtoon
zinnig,antillianen
zinnig,turk
zinnig,burger
zinnig,immigrant
zinnig,arabieren
zinnig,somaliers
zinnig,moslims
zinnig,expats
zinnig,nederlanders
zinnig,migranten
zinnig,marokkaan
zinnig,marokkanen
zinnig,moslim
zinnig,afgaan
zinnig,expat
zinnig,migrant
zinnig,syrier
edelman,surinamers
edelman,westers
edelman,surinamer
edelman,syriers
edelman,somalier
edelman,irakees
edelman,afghanen
edelman,irakezen
edelman,immigranten
edelman,nederlander
edelman,arabier
edelman,burgers
edelman,allochtonen
edelman,turken
edelman,antilliaan
edelman,allochtoon
edelman,antillianen
edelman,turk
edelman,burger
edelman,immigrant
edelman,arabieren
edelman,somaliers
edelman,moslims
edelman,expats
edelman,nederlanders
edelman,migranten
edelman,marokkaan
edelman,marokkanen
edelman,moslim
edelman,afgaan
edelman,expat
edelman,migrant
edelman,syrier
rechtvaardig,surinamers
rechtvaardig,westers
rechtvaardig,surinamer
rechtvaardig,syriers
rechtvaardig,somalier
rechtvaardig,irakees
rechtvaardig,afghanen
rechtvaardig,irakezen
rechtvaardig,immigranten
rechtvaardig,nederlander
rechtvaardig,arabier
rechtvaardig,burgers
rechtvaardig,allochtonen
rechtvaardig,turken
rechtvaardig,antilliaan
rechtvaardig,allochtoon
rechtvaardig,antillianen
rechtvaardig,turk
rechtvaardig,burger
rechtvaardig,immigrant
rechtvaardig,arabieren
rechtvaardig,somaliers
rechtvaardig,moslims
rechtvaardig,expats
rechtvaardig,nederlanders
rechtvaardig,migranten
rechtvaardig,marokkaan
rechtvaardig,marokkanen
rechtvaardig,moslim
rechtvaardig,afgaan
rechtvaardig,expat
rechtvaardig,migrant
rechtvaardig,syrier
adellijk,surinamers
adellijk,westers
adellijk,surinamer
adellijk,syriers
adellijk,somalier
adellijk,irakees
adellijk,afghanen
adellijk,irakezen
adellijk,immigranten
adellijk,nederlander
adellijk,arabier
adellijk,burgers
adellijk,allochtonen
adellijk,turken
adellijk,antilliaan
adellijk,allochtoon
adellijk,antillianen
adellijk,turk
adellijk,burger
adellijk,immigrant
adellijk,arabieren
adellijk,somaliers
adellijk,moslims
adellijk,expats
adellijk,nederlanders
adellijk,migranten
adellijk,marokkaan
adellijk,marokkanen
adellijk,moslim
adellijk,afgaan
adellijk,expat
adellijk,migrant
adellijk,syrier
charmeur,surinamers
charmeur,westers
charmeur,surinamer
charmeur,syriers
charmeur,somalier
charmeur,irakees
charmeur,afghanen
charmeur,irakezen
charmeur,immigranten
charmeur,nederlander
charmeur,arabier
charmeur,burgers
charmeur,allochtonen
charmeur,turken
charmeur,antilliaan
charmeur,allochtoon
charmeur,antillianen
charmeur,turk
charmeur,burger
charmeur,immigrant
charmeur,arabieren
charmeur,somaliers
charmeur,moslims
charmeur,expats
charmeur,nederlanders
charmeur,migranten
charmeur,marokkaan
charmeur,marokkanen
charmeur,moslim
charmeur,afgaan
charmeur,expat
charmeur,migrant
charmeur,syrier
hoogopgeleide,surinamers
hoogopgeleide,westers
hoogopgeleide,surinamer
hoogopgeleide,syriers
hoogopgeleide,somalier
hoogopgeleide,irakees
hoogopgeleide,afghanen
hoogopgeleide,irakezen
hoogopgeleide,immigranten
hoogopgeleide,nederlander
hoogopgeleide,arabier
hoogopgeleide,burgers
hoogopgeleide,allochtonen
hoogopgeleide,turken
hoogopgeleide,antilliaan
hoogopgeleide,allochtoon
hoogopgeleide,antillianen
hoogopgeleide,turk
hoogopgeleide,burger
hoogopgeleide,immigrant
hoogopgeleide,arabieren
hoogopgeleide,somaliers
hoogopgeleide,moslims
hoogopgeleide,expats
hoogopgeleide,nederlanders
hoogopgeleide,migranten
hoogopgeleide,marokkaan
hoogopgeleide,marokkanen
hoogopgeleide,moslim
hoogopgeleide,afgaan
hoogopgeleide,expat
hoogopgeleide,migrant
hoogopgeleide,syrier
geciviliseerd,surinamers
geciviliseerd,westers
geciviliseerd,surinamer
geciviliseerd,syriers
geciviliseerd,somalier
geciviliseerd,irakees
geciviliseerd,afghanen
geciviliseerd,irakezen
geciviliseerd,immigranten
geciviliseerd,nederlander
geciviliseerd,arabier
geciviliseerd,burgers
geciviliseerd,allochtonen
geciviliseerd,turken
geciviliseerd,antilliaan
geciviliseerd,allochtoon
geciviliseerd,antillianen
geciviliseerd,turk
geciviliseerd,burger
geciviliseerd,immigrant
geciviliseerd,arabieren
geciviliseerd,somaliers
geciviliseerd,moslims
geciviliseerd,expats
geciviliseerd,nederlanders
geciviliseerd,migranten
geciviliseerd,marokkaan
geciviliseerd,marokkanen
geciviliseerd,moslim
geciviliseerd,afgaan
geciviliseerd,expat
geciviliseerd,migrant
geciviliseerd,syrier
aristocraat,surinamers
aristocraat,westers
aristocraat,surinamer
aristocraat,syriers
aristocraat,somalier
aristocraat,irakees
aristocraat,afghanen
aristocraat,irakezen
aristocraat,immigranten
aristocraat,nederlander
aristocraat,arabier
aristocraat,burgers
aristocraat,allochtonen
aristocraat,turken
aristocraat,antilliaan
aristocraat,allochtoon
aristocraat,antillianen
aristocraat,turk
aristocraat,burger
aristocraat,immigrant
aristocraat,arabieren
aristocraat,somaliers
aristocraat,moslims
aristocraat,expats
aristocraat,nederlanders
aristocraat,migranten
aristocraat,marokkaan
aristocraat,marokkanen
aristocraat,moslim
aristocraat,afgaan
aristocraat,expat
aristocraat,migrant
aristocraat,syrier
verzorgende,surinamers
verzorgende,westers
verzorgende,surinamer
verzorgende,syriers
verzorgende,somalier
verzorgende,irakees
verzorgende,afghanen
verzorgende,irakezen
verzorgende,immigranten
verzorgende,nederlander
verzorgende,arabier
verzorgende,burgers
verzorgende,allochtonen
verzorgende,turken
verzorgende,antilliaan
verzorgende,allochtoon
verzorgende,antillianen
verzorgende,turk
verzorgende,burger
verzorgende,immigrant
verzorgende,arabieren
verzorgende,somaliers
verzorgende,moslims
verzorgende,expats
verzorgende,nederlanders
verzorgende,migranten
verzorgende,marokkaan
verzorgende,marokkanen
verzorgende,moslim
verzorgende,afgaan
verzorgende,expat
verzorgende,migrant
verzorgende,syrier
invloedrijk,surinamers
invloedrijk,westers
invloedrijk,surinamer
invloedrijk,syriers
invloedrijk,somalier
invloedrijk,irakees
invloedrijk,afghanen
invloedrijk,irakezen
invloedrijk,immigranten
invloedrijk,nederlander
invloedrijk,arabier
invloedrijk,burgers
invloedrijk,allochtonen
invloedrijk,turken
invloedrijk,antilliaan
invloedrijk,allochtoon
invloedrijk,antillianen
invloedrijk,turk
invloedrijk,burger
invloedrijk,immigrant
invloedrijk,arabieren
invloedrijk,somaliers
invloedrijk,moslims
invloedrijk,expats
invloedrijk,nederlanders
invloedrijk,migranten
invloedrijk,marokkaan
invloedrijk,marokkanen
invloedrijk,moslim
invloedrijk,afgaan
invloedrijk,expat
invloedrijk,migrant
invloedrijk,syrier
ultiem,surinamers
ultiem,westers
ultiem,surinamer
ultiem,syriers
ultiem,somalier
ultiem,irakees
ultiem,afghanen
ultiem,irakezen
ultiem,immigranten
ultiem,nederlander
ultiem,arabier
ultiem,burgers
ultiem,allochtonen
ultiem,turken
ultiem,antilliaan
ultiem,allochtoon
ultiem,antillianen
ultiem,turk
ultiem,burger
ultiem,immigrant
ultiem,arabieren
ultiem,somaliers
ultiem,moslims
ultiem,expats
ultiem,nederlanders
ultiem,migranten
ultiem,marokkaan
ultiem,marokkanen
ultiem,moslim
ultiem,afgaan
ultiem,expat
ultiem,migrant
ultiem,syrier
innovatief,surinamers
innovatief,westers
innovatief,surinamer
innovatief,syriers
innovatief,somalier
innovatief,irakees
innovatief,afghanen
innovatief,irakezen
innovatief,immigranten
innovatief,nederlander
innovatief,arabier
innovatief,burgers
innovatief,allochtonen
innovatief,turken
innovatief,antilliaan
innovatief,allochtoon
innovatief,antillianen
innovatief,turk
innovatief,burger
innovatief,immigrant
innovatief,arabieren
innovatief,somaliers
innovatief,moslims
innovatief,expats
innovatief,nederlanders
innovatief,migranten
innovatief,marokkaan
innovatief,marokkanen
innovatief,moslim
innovatief,afgaan
innovatief,expat
innovatief,migrant
innovatief,syrier
rolmodel,surinamers
rolmodel,westers
rolmodel,surinamer
rolmodel,syriers
rolmodel,somalier
rolmodel,irakees
rolmodel,afghanen
rolmodel,irakezen
rolmodel,immigranten
rolmodel,nederlander
rolmodel,arabier
rolmodel,burgers
rolmodel,allochtonen
rolmodel,turken
rolmodel,antilliaan
rolmodel,allochtoon
rolmodel,antillianen
rolmodel,turk
rolmodel,burger
rolmodel,immigrant
rolmodel,arabieren
rolmodel,somaliers
rolmodel,moslims
rolmodel,expats
rolmodel,nederlanders
rolmodel,migranten
rolmodel,marokkaan
rolmodel,marokkanen
rolmodel,moslim
rolmodel,afgaan
rolmodel,expat
rolmodel,migrant
rolmodel,syrier
brave,surinamers
brave,westers
brave,surinamer
brave,syriers
brave,somalier
brave,irakees
brave,afghanen
brave,irakezen
brave,immigranten
brave,nederlander
brave,arabier
brave,burgers
brave,allochtonen
brave,turken
brave,antilliaan
brave,allochtoon
brave,antillianen
brave,turk
brave,burger
brave,immigrant
brave,arabieren
brave,somaliers
brave,moslims
brave,expats
brave,nederlanders
brave,migranten
brave,marokkaan
brave,marokkanen
brave,moslim
brave,afgaan
brave,expat
brave,migrant
brave,syrier
intellectuelen,surinamers
intellectuelen,westers
intellectuelen,surinamer
intellectuelen,syriers
intellectuelen,somalier
intellectuelen,irakees
intellectuelen,afghanen
intellectuelen,irakezen
intellectuelen,immigranten
intellectuelen,nederlander
intellectuelen,arabier
intellectuelen,burgers
intellectuelen,allochtonen
intellectuelen,turken
intellectuelen,antilliaan
intellectuelen,allochtoon
intellectuelen,antillianen
intellectuelen,turk
intellectuelen,burger
intellectuelen,immigrant
intellectuelen,arabieren
intellectuelen,somaliers
intellectuelen,moslims
intellectuelen,expats
intellectuelen,nederlanders
intellectuelen,migranten
intellectuelen,marokkaan
intellectuelen,marokkanen
intellectuelen,moslim
intellectuelen,afgaan
intellectuelen,expat
intellectuelen,migrant
intellectuelen,syrier
toonaangevend,surinamers
toonaangevend,westers
toonaangevend,surinamer
toonaangevend,syriers
toonaangevend,somalier
toonaangevend,irakees
toonaangevend,afghanen
toonaangevend,irakezen
toonaangevend,immigranten
toonaangevend,nederlander
toonaangevend,arabier
toonaangevend,burgers
toonaangevend,allochtonen
toonaangevend,turken
toonaangevend,antilliaan
toonaangevend,allochtoon
toonaangevend,antillianen
toonaangevend,turk
toonaangevend,burger
toonaangevend,immigrant
toonaangevend,arabieren
toonaangevend,somaliers
toonaangevend,moslims
toonaangevend,expats
toonaangevend,nederlanders
toonaangevend,migranten
toonaangevend,marokkaan
toonaangevend,marokkanen
toonaangevend,moslim
toonaangevend,afgaan
toonaangevend,expat
toonaangevend,migrant
toonaangevend,syrier
goedwillende,surinamers
goedwillende,westers
goedwillende,surinamer
goedwillende,syriers
goedwillende,somalier
goedwillende,irakees
goedwillende,afghanen
goedwillende,irakezen
goedwillende,immigranten
goedwillende,nederlander
goedwillende,arabier
goedwillende,burgers
goedwillende,allochtonen
goedwillende,turken
goedwillende,antilliaan
goedwillende,allochtoon
goedwillende,antillianen
goedwillende,turk
goedwillende,burger
goedwillende,immigrant
goedwillende,arabieren
goedwillende,somaliers
goedwillende,moslims
goedwillende,expats
goedwillende,nederlanders
goedwillende,migranten
goedwillende,marokkaan
goedwillende,marokkanen
goedwillende,moslim
goedwillende,afgaan
goedwillende,expat
goedwillende,migrant
goedwillende,syrier
modern,surinamers
modern,westers
modern,surinamer
modern,syriers
modern,somalier
modern,irakees
modern,afghanen
modern,irakezen
modern,immigranten
modern,nederlander
modern,arabier
modern,burgers
modern,allochtonen
modern,turken
modern,antilliaan
modern,allochtoon
modern,antillianen
modern,turk
modern,burger
modern,immigrant
modern,arabieren
modern,somaliers
modern,moslims
modern,expats
modern,nederlanders
modern,migranten
modern,marokkaan
modern,marokkanen
modern,moslim
modern,afgaan
modern,expat
modern,migrant
modern,syrier
beschaafd,surinamers
beschaafd,westers
beschaafd,surinamer
beschaafd,syriers
beschaafd,somalier
beschaafd,irakees
beschaafd,afghanen
beschaafd,irakezen
beschaafd,immigranten
beschaafd,nederlander
beschaafd,arabier
beschaafd,burgers
beschaafd,allochtonen
beschaafd,turken
beschaafd,antilliaan
beschaafd,allochtoon
beschaafd,antillianen
beschaafd,turk
beschaafd,burger
beschaafd,immigrant
beschaafd,arabieren
beschaafd,somaliers
beschaafd,moslims
beschaafd,expats
beschaafd,nederlanders
beschaafd,migranten
beschaafd,marokkaan
beschaafd,marokkanen
beschaafd,moslim
beschaafd,afgaan
beschaafd,expat
beschaafd,migrant
beschaafd,syrier
nobelprijswinnares,surinamers
nobelprijswinnares,westers
nobelprijswinnares,surinamer
nobelprijswinnares,syriers
nobelprijswinnares,somalier
nobelprijswinnares,irakees
nobelprijswinnares,afghanen
nobelprijswinnares,irakezen
nobelprijswinnares,immigranten
nobelprijswinnares,nederlander
nobelprijswinnares,arabier
nobelprijswinnares,burgers
nobelprijswinnares,allochtonen
nobelprijswinnares,turken
nobelprijswinnares,antilliaan
nobelprijswinnares,allochtoon
nobelprijswinnares,antillianen
nobelprijswinnares,turk
nobelprijswinnares,burger
nobelprijswinnares,immigrant
nobelprijswinnares,arabieren
nobelprijswinnares,somaliers
nobelprijswinnares,moslims
nobelprijswinnares,expats
nobelprijswinnares,nederlanders
nobelprijswinnares,migranten
nobelprijswinnares,marokkaan
nobelprijswinnares,marokkanen
nobelprijswinnares,moslim
nobelprijswinnares,afgaan
nobelprijswinnares,expat
nobelprijswinnares,migrant
nobelprijswinnares,syrier
hoogopgeleiden,surinamers
hoogopgeleiden,westers
hoogopgeleiden,surinamer
hoogopgeleiden,syriers
hoogopgeleiden,somalier
hoogopgeleiden,irakees
hoogopgeleiden,afghanen
hoogopgeleiden,irakezen
hoogopgeleiden,immigranten
hoogopgeleiden,nederlander
hoogopgeleiden,arabier
hoogopgeleiden,burgers
hoogopgeleiden,allochtonen
hoogopgeleiden,turken
hoogopgeleiden,antilliaan
hoogopgeleiden,allochtoon
hoogopgeleiden,antillianen
hoogopgeleiden,turk
hoogopgeleiden,burger
hoogopgeleiden,immigrant
hoogopgeleiden,arabieren
hoogopgeleiden,somaliers
hoogopgeleiden,moslims
hoogopgeleiden,expats
hoogopgeleiden,nederlanders
hoogopgeleiden,migranten
hoogopgeleiden,marokkaan
hoogopgeleiden,marokkanen
hoogopgeleiden,moslim
hoogopgeleiden,afgaan
hoogopgeleiden,expat
hoogopgeleiden,migrant
hoogopgeleiden,syrier
sympathiek,surinamers
sympathiek,westers
sympathiek,surinamer
sympathiek,syriers
sympathiek,somalier
sympathiek,irakees
sympathiek,afghanen
sympathiek,irakezen
sympathiek,immigranten
sympathiek,nederlander
sympathiek,arabier
sympathiek,burgers
sympathiek,allochtonen
sympathiek,turken
sympathiek,antilliaan
sympathiek,allochtoon
sympathiek,antillianen
sympathiek,turk
sympathiek,burger
sympathiek,immigrant
sympathiek,arabieren
sympathiek,somaliers
sympathiek,moslims
sympathiek,expats
sympathiek,nederlanders
sympathiek,migranten
sympathiek,marokkaan
sympathiek,marokkanen
sympathiek,moslim
sympathiek,afgaan
sympathiek,expat
sympathiek,migrant
sympathiek,syrier
welvarend,surinamers
welvarend,westers
welvarend,surinamer
welvarend,syriers
welvarend,somalier
welvarend,irakees
welvarend,afghanen
welvarend,irakezen
welvarend,immigranten
welvarend,nederlander
welvarend,arabier
welvarend,burgers
welvarend,allochtonen
welvarend,turken
welvarend,antilliaan
welvarend,allochtoon
welvarend,antillianen
welvarend,turk
welvarend,burger
welvarend,immigrant
welvarend,arabieren
welvarend,somaliers
welvarend,moslims
welvarend,expats
welvarend,nederlanders
welvarend,migranten
welvarend,marokkaan
welvarend,marokkanen
welvarend,moslim
welvarend,afgaan
welvarend,expat
welvarend,migrant
welvarend,syrier
